{"0": {"w": 0.0, "i": []}, "1": {"w": 0.0, "i": []}, "2": {"w": 0.0, "i": []}, "3": {"w": 0.0, "i": []}, "4": {"w": 0.0, "i": []}, "5": {"w": 0.0, "i": []}, "6": {"w": 0.0, "i": []}, "7": {"w": 0.0, "i": []}, "8": {"w": 0.0, "i": []}, "9": {"w": 0.0, "i": []}, "10": {"w": 0.0, "i": []}, "11": {"w": 2.6861368592076964, "i": ["921608743606988801", "921611619414827008", "921613439247765504", "921614958063947776"]}, "12": {"w": 0.4696720337079645, "i": []}, "13": {"w": 0.0, "i": []}, "14": {"w": 0.0, "i": []}, "15": {"w": 0.0, "i": []}, "16": {"w": 0.0, "i": []}, "17": {"w": 0.0, "i": []}, "18": {"w": 0.0, "i": []}, "19": {"w": 0.0, "i": []}, "20": {"w": 0.0, "i": []}, "21": {"w": 2.5011474114243413, "i": ["921602135472660480", "921611992770727936"]}, "22": {"w": 0.3430436956599987, "i": []}, "23": {"w": 1.0, "i": ["921607635614552064"]}, "24": {"w": 0.0, "i": []}, "25": {"w": 2.0, "i": ["921606230904377350", "921610397572063233"]}, "26": {"w": 0.0, "i": []}, "27": {"w": 0.0, "i": []}, "28": {"w": 0.0, "i": []}, "29": {"w": 0.0, "i": []}, "30": {"w": 0.0, "i": []}, "31": {"w": 0.001129315608089625, "i": ["921609308877541376", "921615636249358336"]}, "32": {"w": 2.0369236598445672, "i": ["921602364645265408", "921608420377157632"]}, "33": {"w": 3.0, "i": ["921614490520707072", "921615371299360768", "921615842986614784"]}, "34": {"w": 0.0, "i": []}, "35": {"w": 1.0, "i": ["921613324344877056"]}, "36": {"w": 1.0, "i": ["921614210949369856"]}, "37": {"w": 0.0, "i": []}, "38": {"w": 0.0, "i": []}, "39": {"w": 0.0, "i": []}, "40": {"w": 0.0, "i": []}, "41": {"w": 0.044041295649622524, "i": []}, "42": {"w": 4.841372879328764, "i": ["921607868381478912", "921614947469201410", "921615637042130945", "921616549483556864"]}, "43": {"w": 4.0, "i": ["921607836966248448", "921612240641458176", "921615388336640000", "921614525656428545"]}, "44": {"w": 1.011539422300466, "i": ["921602881563832320", "921609010851336192"]}, "45": {"w": 3.0370587363320665, "i": ["921607625283948544", "921608004730056704", "921609838379130880"]}, "46": {"w": 0.0044104682134932655, "i": ["921612493549686785"]}, "47": {"w": 0.335654868171544, "i": []}, "48": {"w": 0.0, "i": []}, "49": {"w": 0.0, "i": []}, "50": {"w": 0.0, "i": []}, "51": {"w": 0.014184306178095449, "i": []}, "52": {"w": 3.0739078794169243, "i": ["921602844637253632", "921605114246418432", "921607505482010624"]}, "53": {"w": 0.5183718031703332, "i": ["921605303078150144"]}, "54": {"w": 1.2259062469422626, "i": ["921615182832570369"]}, "55": {"w": 0.7254955944252052, "i": []}, "56": {"w": 2.00855900483065, "i": ["921610011968753664", "921611755905863680"]}, "57": {"w": 0.6513756587843126, "i": []}, "58": {"w": 0.0, "i": []}, "59": {"w": 0.0, "i": []}, "60": {"w": 0.0, "i": []}, "61": {"w": 0.0, "i": []}, "62": {"w": 4.854252203828989, "i": ["921602321196503040", "921609701279846401", "921611101372059648", "921613294628110336"]}, "63": {"w": 13.481628196829668, "i": ["921602994130554880", "921605587930099712", "921605802963750912", "921607310639882240", "921609519674695680", "921610027529637890", "921610079706763264", "921612102606970880", "921613674816602112", "921614539279556608", "921615060358836224", "921616046703988741", "921615603143766016"]}, "64": {"w": 2.0, "i": ["921609541380395008", "921615411870863361"]}, "65": {"w": 0.0, "i": []}, "66": {"w": 0.0, "i": []}, "67": {"w": 0.0, "i": []}, "68": {"w": 0.0, "i": []}, "69": {"w": 0.0, "i": []}, "70": {"w": 0.0, "i": []}, "71": {"w": 0.0, "i": []}, "72": {"w": 1.1341884601449477, "i": ["921612070868672512"]}, "73": {"w": 2.3474432616614953, "i": ["921612278516109312", "921614201814216704", "921615812288548865"]}, "74": {"w": 0.3744879555683171, "i": ["921613768664276992"]}, "75": {"w": 0.07250419690572939, "i": []}, "76": {"w": 0.0, "i": []}, "77": {"w": 0.0, "i": []}, "78": {"w": 0.0, "i": []}, "79": {"w": 0.0, "i": []}, "80": {"w": 0.0, "i": []}, "81": {"w": 0.0, "i": []}, "82": {"w": 0.0, "i": []}, "83": {"w": 3.6525567383385047, "i": ["921613698476793857", "921613698527121408", "921613750305742848"]}, "84": {"w": 0.4633074139825182, "i": []}, "85": {"w": 0.08970043354343528, "i": []}, "86": {"w": 0.0, "i": []}, "87": {"w": 0.0, "i": []}, "88": {"w": 0.0, "i": []}, "89": {"w": 0.0, "i": []}, "90": {"w": 0.0, "i": []}, "91": {"w": 0.0, "i": []}, "92": {"w": 0.0, "i": []}, "93": {"w": 0.0, "i": []}, "94": {"w": 0.0, "i": []}, "95": {"w": 0.0, "i": []}, "96": {"w": 0.0, "i": []}, "97": {"w": 0.0, "i": []}, "98": {"w": 0.0, "i": []}, "99": {"w": 0.0, "i": []}}